aa	count	weighted_count	freq	weighted_freq
A	165356.0	33516931.78705936	0.05497689956831318	0.08472294736220577
C	38400.0	3662643.735566762	0.012767077961629611	0.009258304858762277
D	174917.0	23086132.451415792	0.0581557024951658	0.05835633156712092
E	195164.0	27103708.41552795	0.06488734383602816	0.0685118219053671
F	133438.0	15666713.170434289	0.04436493096468573	0.0396017786983101
G	149621.0	26963929.21090975	0.04974538988794229	0.06815849283961499
H	65687.0	7782457.270525492	0.02183935026212407	0.019672227812150694
I	197486.0	24285455.957644545	0.06565935308152045	0.06138794027563957
K	220006.0	31904728.41626701	0.07314671234443448	0.08064767513297542
L	285716.0	33068458.3212027	0.094993709554296	0.08358931156038128
M	62601.0	7623043.850560266	0.020813329361353522	0.01926926805215985
N	184556.0	18643566.92570673	0.06136043854912798	0.0471265672325132
P	132410.0	16838877.501866307	0.04402314564842127	0.04256473537891273
Q	118228.0	13676599.049174134	0.0393079711783215	0.03457123667222271
R	133644.0	17557188.295911033	0.04443342101833406	0.04438045669792237
S	271268.0	27151572.337347712	0.09019009647123284	0.0686328106806717
T	178887.0	22757872.790749192	0.059475632169844694	0.05752656808732264
V	167510.0	28686882.221431732	0.055693052847723336	0.07251371419893902
W	31274.0	3742681.892640337	0.010397854066979283	0.009460622559314168
Y	101567.0	11886857.05820787	0.03376858873252174	0.030047188425327147
